{"epoch":9,"trainer/global_step":429,"train_laplace_loss_epoch":0.33758744597435,"val_laplace_loss":0.2928229570388794,"train_loss_epoch":1.9564039707183838,"val_loss":1.9176870584487915,"train_lane_loss_epoch":1.6188163757324219,"_runtime":42.369050991,"_wandb":{"runtime":43},"train_laplace_loss_step":0.34963369369506836,"_timestamp":1.7362661112252355e+09,"train_lane_loss_step":1.6399297714233398,"train_loss_step":1.9895634651184082,"val_lane_loss":1.6248639822006226,"_step":27}