{"val_laplace_loss":0.3878621757030487,"train_loss_step":2.0195417404174805,"_step":27,"train_lane_loss_step":1.6230958700180054,"train_loss_epoch":1.984516978263855,"train_laplace_loss_step":0.39644578099250793,"train_lane_loss_epoch":1.627205491065979,"val_loss":2.0040395259857178,"val_lane_loss":1.6161775588989258,"train_laplace_loss_epoch":0.35731184482574463,"_timestamp":1.736305960780446e+09,"_runtime":38.443361794,"_wandb":{"runtime":39},"trainer/global_step":429,"epoch":9}