{"train_loss_step":1.9769442081451416,"val_lane_loss":1.6311531066894531,"val_laplace_loss":0.32609283924102783,"_runtime":38.640239586,"train_lane_loss_step":1.6364284753799438,"train_loss_epoch":1.965867042541504,"train_laplace_loss_epoch":0.34129589796066284,"epoch":9,"train_lane_loss_epoch":1.6245707273483276,"_wandb":{"runtime":39},"val_loss":1.9572458267211914,"_timestamp":1.736305777047076e+09,"trainer/global_step":429,"_step":27,"train_laplace_loss_step":0.34051573276519775}