{"_step":285,"_runtime":361.710989429,"train_laplace_loss_step":0.2746310234069824,"train_loss_step":1.8889681100845337,"train_loss_epoch":1.9304592609405518,"_timestamp":1.736308092263781e+09,"_wandb":{"runtime":362},"val_loss":1.9423894882202148,"val_lane_loss":1.6236239671707153,"epoch":99,"train_lane_loss_epoch":1.6103452444076538,"val_laplace_loss":0.3187653124332428,"train_lane_loss_step":1.6143370866775513,"train_laplace_loss_epoch":0.3201141357421875,"trainer/global_step":4299}