{"train_loss_epoch":1.9175024032592773,"train/total_loss":1.9076741933822632,"_timestamp":1.7363120403069e+09,"_step":5687,"val_loss":2.0133423805236816,"trainer/global_step":4299,"train_laplace_loss_step":0.29252684116363525,"val_laplace_loss":0.3931189179420471,"train_lane_loss_epoch":1.6091642379760742,"train_laplace_loss_epoch":0.30833810567855835,"val_lane_loss":1.6202236413955688,"val/lane_loss":1.604947805404663,"_wandb":{"runtime":373},"_runtime":371.984370247,"epoch":99,"train_lane_loss_step":1.615147352218628,"train_loss_step":1.9076741933822632,"val/laplace_loss":0.3802904188632965,"train/laplace_loss":0.29252684116363525,"train/lane_loss":1.615147352218628,"val/total_loss":1.9852381944656372}