{"_runtime":324.98105664,"train_laplace_loss_epoch":0.29923269152641296,"train_loss_epoch":1.909584641456604,"_timestamp":1.7363106857660592e+09,"train_lane_loss_epoch":1.610351800918579,"_wandb":{"runtime":326},"train_lane_loss_step":1.594535231590271,"trainer/global_step":4299,"val_lane_loss":1.613737940788269,"_step":285,"val_loss":1.9064576625823975,"train_laplace_loss_step":0.19468170404434204,"epoch":99,"train_loss_step":1.7892169952392578,"val_laplace_loss":0.29271966218948364}