{"train_loss_epoch":1.985229730606079,"trainer/global_step":429,"val_laplace_loss":0.4171577990055084,"train_loss_step":1.9218868017196655,"epoch":9,"_wandb":{"runtime":40},"train_laplace_loss_step":0.3009454905986786,"val_lane_loss":1.6224792003631592,"train_laplace_loss_epoch":0.3489217758178711,"train_lane_loss_step":1.6209412813186646,"_step":27,"train_lane_loss_epoch":1.6363080739974976,"_runtime":38.751432838,"val_loss":2.0396368503570557,"_timestamp":1.7363043336409423e+09}