{"val_lane_loss":1.6473807096481323,"trainer/global_step":429,"train_laplace_loss_step":0.33982497453689575,"val_laplace_loss":0.32531020045280457,"_step":27,"train_lane_loss_epoch":1.6200683116912842,"train_loss_epoch":1.9552009105682373,"epoch":9,"_timestamp":1.7363051303480704e+09,"val_loss":1.9726909399032593,"train_lane_loss_step":1.609520435333252,"train_loss_step":1.949345350265503,"train_laplace_loss_epoch":0.33513250946998596,"_wandb":{"runtime":40},"_runtime":39.141971848}