{"epoch":2,"val_laplace_loss":0.37272146344184875,"train_laplace_loss_epoch":0.40820106863975525,"train_laplace_loss_step":0.4458250403404236,"train_lane_loss_step":1.6324979066848755,"val_loss":2.016498565673828,"_runtime":12.003812842,"_wandb":{"runtime":13},"_timestamp":1.736304056489943e+09,"train_loss_epoch":2.0422613620758057,"train_loss_step":2.0783228874206543,"train_lane_loss_epoch":1.6340601444244385,"val_lane_loss":1.6437772512435913,"trainer/global_step":99,"_step":5}