{"train_laplace_loss_epoch":0.7961440086364746,"_wandb":{"runtime":9},"val_loss":2.085629463195801,"_timestamp":1.7363039070427482e+09,"train_lane_loss_step":1.7219276428222656,"val_laplace_loss":0.4200606048107147,"train_laplace_loss_step":0.3752862811088562,"train_loss_epoch":2.4864590167999268,"trainer/global_step":49,"epoch":1,"train_lane_loss_epoch":1.690314769744873,"_step":2,"val_lane_loss":1.6655689477920532,"_runtime":7.801562343,"train_loss_step":2.0972139835357666}