{"_wandb":{"runtime":397},"train_lane_loss_step":1.619780421257019,"train_laplace_loss_step":0.27083444595336914,"_step":285,"epoch":99,"trainer/global_step":4299,"train_loss_epoch":1.9348381757736206,"val_lane_loss":1.610826015472412,"train_loss_step":1.8906148672103882,"train_lane_loss_epoch":1.6128904819488525,"_timestamp":1.7362695923637443e+09,"val_laplace_loss":0.3024783432483673,"_runtime":396.213152514,"val_loss":1.9133045673370361,"train_laplace_loss_epoch":0.32194775342941284}