{"train_laplace_loss_step":0.39694643020629883,"_step":5,"_timestamp":1.736304177299433e+09,"val_loss":2.0059518814086914,"train_lane_loss_step":1.698355793952942,"_runtime":11.372246265,"train_lane_loss_epoch":1.6341848373413086,"val_lane_loss":1.6287952661514282,"train_loss_step":2.095302104949951,"val_laplace_loss":0.3771563470363617,"train_loss_epoch":2.087747573852539,"trainer/global_step":99,"train_laplace_loss_epoch":0.453562468290329,"epoch":2,"_wandb":{"runtime":12}}